{ 
    "_id" : ObjectId("5a37ec1ab2bc4617d8431fde"), 
    "month_name" : "January", 
    "__v" : NumberInt(0)
}
{ 
    "_id" : ObjectId("5a37ec2db2bc4617d8431fdf"), 
    "month_name" : "February", 
    "__v" : NumberInt(0)
}
{ 
    "_id" : ObjectId("5a37ec35b2bc4617d8431fe0"), 
    "month_name" : "March", 
    "__v" : NumberInt(0)
}
{ 
    "_id" : ObjectId("5a37ec48b2bc4617d8431fe1"), 
    "month_name" : "April", 
    "__v" : NumberInt(0)
}
{ 
    "_id" : ObjectId("5a37ec4fb2bc4617d8431fe2"), 
    "month_name" : "May", 
    "__v" : NumberInt(0)
}
{ 
    "_id" : ObjectId("5a37ec57b2bc4617d8431fe3"), 
    "month_name" : "June", 
    "__v" : NumberInt(0)
}
{ 
    "_id" : ObjectId("5a37ec5db2bc4617d8431fe4"), 
    "month_name" : "July", 
    "__v" : NumberInt(0)
}
{ 
    "_id" : ObjectId("5a37ec64b2bc4617d8431fe5"), 
    "month_name" : "August", 
    "__v" : NumberInt(0)
}
{ 
    "_id" : ObjectId("5a37ec6bb2bc4617d8431fe6"), 
    "month_name" : "September", 
    "__v" : NumberInt(0)
}
{ 
    "_id" : ObjectId("5a37ec72b2bc4617d8431fe7"), 
    "month_name" : "October", 
    "__v" : NumberInt(0)
}
{ 
    "_id" : ObjectId("5a37ec7ab2bc4617d8431fe8"), 
    "month_name" : "November", 
    "__v" : NumberInt(0)
}
{ 
    "_id" : ObjectId("5a37ec81b2bc4617d8431fe9"), 
    "month_name" : "December", 
    "__v" : NumberInt(0)
}
