{ 
    "_id" : ObjectId("59e4e14fa92114e226464d3d"), 
    "user_level_id" : "2", 
    "user_username" : "regulator", 
    "user_password" : "test", 
    "user_name" : "Kaushal Kishore", 
    "user_mobile" : "9898787656", 
    "user_gender" : "Male", 
    "user_dob" : "12 January, 1988", 
    "user_city" : "5a356445b620d810bc9c5f74", 
    "user_state" : "59e63ce625138ad737c24bd4", 
    "user_country" : "59e63f2e599ea88439a07b51", 
    "user_address" : "New Lahore Colony, Sastri Nagar New Delhi", 
    "modified" : ISODate("2017-10-16T16:41:51.433+0000"), 
    "__v" : NumberInt(0), 
    "user_email" : "aman@gmail.com", 
    "user_image" : "p7.jpg"
}
{ 
    "_id" : ObjectId("5c4bf0621dd97646e4427389"), 
    "user_level_id" : "1", 
    "user_username" : "admin", 
    "user_password" : "test", 
    "user_name" : "Rahul Kumar", 
    "user_mobile" : "9898787656", 
    "user_gender" : "Male", 
    "user_dob" : "12 January, 1988", 
    "user_city" : "5a356445b620d810bc9c5f74", 
    "user_state" : "59e63ce625138ad737c24bd4", 
    "user_country" : "59e63f2e599ea88439a07b51", 
    "user_address" : "New Lahore Colony, Sastri Nagar New Delhi", 
    "modified" : ISODate("2017-10-16T16:41:51.433+0000"), 
    "__v" : NumberInt(0), 
    "user_email" : "aman@gmail.com", 
    "user_image" : "p7.jpg"
}
{ 
    "_id" : ObjectId("5c4c75e1a99d1104e7162fe1"), 
    "user_dob" : "Sat Jan 26 2019 20:29:08 GMT+0530 (India Standard Time)", 
    "user_username" : "sdfg", 
    "user_level_id" : "1", 
    "user_password" : "test", 
    "user_name" : "asdf", 
    "user_email" : "asdf@asdf.com", 
    "user_mobile" : "3985739857", 
    "user_gender" : "Male", 
    "user_address" : "asdf", 
    "user_city" : "5a3564eab620d810bc9c5f75", 
    "user_state" : "59e63ce625138ad737c24bd4", 
    "user_country" : "59e63f33599ea88439a07b52", 
    "user_image" : "File_15485147851.png", 
    "modified" : ISODate("2019-01-26T14:59:45.171+0000"), 
    "__v" : NumberInt(0)
}
